Depth Level,Link
1,https://en.wikipedia.org/wiki/Bosnia_(region)
1,https://en.wikipedia.org/wiki/Bosnia_(disambiguation)
1,https://en.wikipedia.org/wiki/BIH_(disambiguation)
1,https://en.wikipedia.org/wiki/Serbo-Croatian_language
1,https://en.wikipedia.org/wiki/Flag_of_Bosnia_and_Herzegovina
1,https://en.wikipedia.org/wiki/Coat_of_arms_of_Bosnia_and_Herzegovina
1,https://en.wikipedia.org/wiki/National_Anthem_of_Bosnia_and_Herzegovina
1,https://en.wikipedia.org/wiki/Europe
1,https://en.wikipedia.org/wiki/Sarajevo
1,https://en.wikipedia.org/wiki/Demonym
2,https://en.wikipedia.org/wiki/Bosnia_(disambiguation)
2,https://en.wikipedia.org/wiki/Sarajevo
2,https://en.wikipedia.org/wiki/Banja_Luka
2,https://en.wikipedia.org/wiki/Demonym
2,https://en.wikipedia.org/wiki/Bosnians
2,https://en.wikipedia.org/wiki/Time_zone
2,https://en.wikipedia.org/wiki/UTC%2B1
2,https://en.wikipedia.org/wiki/Central_European_Time
2,https://en.wikipedia.org/wiki/Daylight_saving_time
2,https://en.wikipedia.org/wiki/UTC%2B2
2,https://en.wikipedia.org/wiki/Bosnia
2,https://en.wikipedia.org/wiki/Banate_of_Bosnia
2,https://en.wikipedia.org/wiki/Kingdom_of_Bosnia
2,https://en.wikipedia.org/wiki/Bosnia_Sanjak
2,https://en.wikipedia.org/wiki/Bosnia_Eyalet
2,https://en.wikipedia.org/wiki/Bosnia_Vilayet
2,https://en.wikipedia.org/wiki/Condominium_of_Bosnia_and_Herzegovina
2,https://en.wikipedia.org/wiki/Socialist_Republic_of_Bosnia_and_Herzegovina
2,https://en.wikipedia.org/wiki/Republic_of_Bosnia_and_Herzegovina
2,https://en.wikipedia.org/wiki/Federation_of_Bosnia_and_Herzegovina
2,https://en.wikipedia.org/wiki/Benign_intracranial_hypertension
2,https://en.wikipedia.org/wiki/Bounding_interval_hierarchy
2,https://en.wikipedia.org/wiki/Bureau_International_de_l%27Heure
2,https://en.wikipedia.org/wiki/Bitch_(slang)
2,https://en.wikipedia.org/wiki/Rade_language
2,https://en.wikipedia.org/wiki/Bihari_language
2,https://en.wikipedia.org/wiki/Eastern_Sierra_Regional_Airport
2,https://en.wikipedia.org/wiki/British_International_Helicopters
2,https://en.wikipedia.org/wiki/Serbo-Croatian_(disambiguation)
2,https://en.wikipedia.org/wiki/Languages_of_Serbia
2,https://en.wikipedia.org/wiki/Languages_of_Croatia
2,https://en.wikipedia.org/wiki/Languages_of_Bosnia_and_Herzegovina
2,https://en.wikipedia.org/wiki/Languages_of_Montenegro
2,https://en.wikipedia.org/wiki/Languages_of_Kosovo
2,https://en.wikipedia.org/wiki/Serbs
2,https://en.wikipedia.org/wiki/Croats
2,https://en.wikipedia.org/wiki/Bosniaks
2,https://en.wikipedia.org/wiki/Montenegrins
2,https://en.wikipedia.org/wiki/Vexillological_symbol
2,https://en.wikipedia.org/wiki/National_flag
2,https://en.wikipedia.org/wiki/Mladen_Kolobari%C4%87
2,https://en.wikipedia.org/wiki/Carlos_Westendorp
2,https://en.wikipedia.org/wiki/ARBiH
2,https://en.wikipedia.org/wiki/Republic_of_Bosnia_and_Herzegovina
2,https://en.wikipedia.org/wiki/Alija_Izetbegovi%C4%87
2,https://en.wikipedia.org/wiki/National_flag
2,https://en.wikipedia.org/wiki/Right_triangle
2,https://en.wikipedia.org/wiki/Star_(polygon)
2,https://en.wikipedia.org/wiki/Banner_of_arms
2,https://en.wikipedia.org/wiki/Armiger
2,https://en.wikipedia.org/wiki/Shield_(heraldry)
2,https://en.wikipedia.org/wiki/Fojnica_Armorial
2,https://en.wikipedia.org/wiki/Saltire
2,https://en.wikipedia.org/wiki/Moor%27s_head
2,https://en.wikipedia.org/wiki/Escutcheon_(heraldry)
2,https://en.wikipedia.org/wiki/Kingdom_of_Bosnia
2,https://en.wikipedia.org/wiki/Bosnia-Herzegovina
2,https://en.wikipedia.org/wiki/Dalmatia
2,https://en.wikipedia.org/wiki/Du%C5%A1an_%C5%A0esti%C4%87
2,https://en.wikipedia.org/wiki/Jedna_si_jedina
2,https://en.wikipedia.org/wiki/U.S._Navy_Band
2,https://en.wikipedia.org/wiki/A-flat_major
2,https://en.wikipedia.org/wiki/Du%C5%A1an_%C5%A0esti%C4%87
2,https://en.wikipedia.org/wiki/Dayton_Agreement
2,https://en.wikipedia.org/wiki/Bosnian_War
2,https://en.wikipedia.org/wiki/Copyright
2,https://en.wikipedia.org/wiki/National_anthem
2,https://en.wikipedia.org/wiki/Kingdom_of_Yugoslavia
2,https://en.wikipedia.org/wiki/Europe_(disambiguation)
2,https://en.wikipedia.org/wiki/Continent#Area_and_population
2,https://en.wikipedia.org/wiki/List_of_continents_and_continental_subregions_by_population#Distribution_of_populations_by_the_United_Nations_geoscheme
2,https://en.wikipedia.org/wiki/Gross_domestic_product
2,https://en.wikipedia.org/wiki/Purchasing_power_parity
2,https://en.wikipedia.org/wiki/US$
2,https://en.wikipedia.org/wiki/List_of_continents_by_GDP#Continents_by_GDP_(PPP)
2,https://en.wikipedia.org/wiki/List_of_continents_by_GDP#Continents_by_GDP_(nominal)
2,https://en.wikipedia.org/wiki/List_of_continents_by_GDP#Continents_by_GDP_per_capita_(nominal)
2,https://en.wikipedia.org/wiki/Christianity_in_Europe
2,https://en.wikipedia.org/wiki/Sarajevo_(disambiguation)
2,https://en.wikipedia.org/wiki/Capital_city
2,https://en.wikipedia.org/wiki/Stari_Grad,_Sarajevo
2,https://en.wikipedia.org/wiki/Centar,_Sarajevo
2,https://en.wikipedia.org/wiki/Gazi_Husrev-beg_Mosque
2,https://en.wikipedia.org/wiki/Sacred_Heart_Cathedral,_Sarajevo
2,https://en.wikipedia.org/wiki/Cathedral_of_the_Nativity_of_the_Theotokos,_Sarajevo
2,https://en.wikipedia.org/wiki/Sebilj_in_Sarajevo
2,https://en.wikipedia.org/wiki/Sarajevo_cable_car
2,https://en.wikipedia.org/wiki/Latin_Bridge
2,https://en.wikipedia.org/wiki/Linguistics
2,https://en.wikipedia.org/wiki/Outline_of_linguistics
2,https://en.wikipedia.org/wiki/History_of_linguistics
2,https://en.wikipedia.org/wiki/Index_of_linguistics_articles
2,https://en.wikipedia.org/wiki/Historical_linguistics
2,https://en.wikipedia.org/wiki/Lexicography
2,https://en.wikipedia.org/wiki/Morphology_(linguistics)
2,https://en.wikipedia.org/wiki/Phonology
2,https://en.wikipedia.org/wiki/Pragmatics
2,https://en.wikipedia.org/wiki/Semantics
3,https://en.wikipedia.org/wiki/Banja_Loka
3,https://en.wikipedia.org/wiki/Serbian_language
3,https://en.wikipedia.org/wiki/List_of_cities_in_Bosnia_and_Herzegovina
3,https://en.wikipedia.org/wiki/Ferhat_Pasha_Mosque_(Banja_Luka)
3,https://en.wikipedia.org/wiki/Cathedral_of_Christ_the_Saviour,_Banja_Luka
3,https://en.wikipedia.org/wiki/Mariastern_Abbey,_Banja_Luka
3,https://en.wikipedia.org/wiki/Kastel_Fortress
3,https://en.wikipedia.org/wiki/List_of_sovereign_states
3,https://en.wikipedia.org/wiki/Political_divisions_of_Bosnia_and_Herzegovina
3,https://en.wikipedia.org/wiki/Republika_Srpska
3,https://en.wikipedia.org/wiki/Bosniaks
3,https://en.wikipedia.org/wiki/Bosnians_(disambiguation)
3,https://en.wikipedia.org/wiki/Germany
3,https://en.wikipedia.org/wiki/United_States
3,https://en.wikipedia.org/wiki/Sweden
3,https://en.wikipedia.org/wiki/Italy
3,https://en.wikipedia.org/wiki/Norway
3,https://en.wikipedia.org/wiki/France
3,https://en.wikipedia.org/wiki/Australia
3,https://en.wikipedia.org/wiki/Canada
3,https://en.wikipedia.org/wiki/List_of_time_zones_by_country
3,https://en.wikipedia.org/wiki/Lists_of_time_zones
3,https://en.wikipedia.org/wiki/Time_zone_(disambiguation)
3,https://en.wikipedia.org/wiki/Standard_time
3,https://en.wikipedia.org/wiki/Legal
3,https://en.wikipedia.org/wiki/Commerce
3,https://en.wikipedia.org/wiki/Social
3,https://en.wikipedia.org/wiki/Country
3,https://en.wikipedia.org/wiki/Administrative_division
3,https://en.wikipedia.org/wiki/Longitude
3,https://en.wikipedia.org/wiki/Meridian_(geography)
3,https://en.wikipedia.org/wiki/Longitude_15_degrees_E
3,https://en.wikipedia.org/wiki/Date-time_group
3,https://en.wikipedia.org/wiki/Time_in_Europe
3,https://en.wikipedia.org/wiki/Western_European_Time
3,https://en.wikipedia.org/wiki/Greenwich_Mean_Time
3,https://en.wikipedia.org/wiki/Western_European_Time
3,https://en.wikipedia.org/wiki/Greenwich_Mean_Time
3,https://en.wikipedia.org/wiki/Western_European_Summer_Time
3,https://en.wikipedia.org/wiki/British_Summer_Time
3,https://en.wikipedia.org/wiki/Standard_time
3,https://en.wikipedia.org/wiki/Central_Europe
3,https://en.wikipedia.org/wiki/Western_Europe
3,https://en.wikipedia.org/wiki/Southeast_Europe
3,https://en.wikipedia.org/wiki/Coordinated_Universal_Time
3,https://en.wikipedia.org/wiki/UTC_offset
3,https://en.wikipedia.org/wiki/Africa
3,https://en.wikipedia.org/wiki/15th_meridian_east
3,https://en.wikipedia.org/wiki/Member_state_of_the_European_Union
3,https://en.wikipedia.org/wiki/European_Union
3,https://en.wikipedia.org/wiki/DST_(disambiguation)
3,https://en.wikipedia.org/wiki/Daylight_Savings_(film)
3,https://en.wikipedia.org/wiki/Northern_Hemisphere
3,https://en.wikipedia.org/wiki/Southern_Hemisphere
3,https://en.wikipedia.org/wiki/Daylight_saving_time_in_the_United_States
3,https://en.wikipedia.org/wiki/Daylight_saving_time_in_Canada
3,https://en.wikipedia.org/wiki/British_Summer_Time
3,https://en.wikipedia.org/wiki/Summer_time_in_Europe
3,https://en.wikipedia.org/wiki/Summer
3,https://en.wikipedia.org/wiki/Spring_(season)
3,https://en.wikipedia.org/wiki/Meridian_(geography)
3,https://en.wikipedia.org/wiki/Longitude_30_degrees_E
3,https://en.wikipedia.org/wiki/Date-time_group
3,https://en.wikipedia.org/wiki/Time_in_Europe
3,https://en.wikipedia.org/wiki/Western_European_Time
3,https://en.wikipedia.org/wiki/Greenwich_Mean_Time
3,https://en.wikipedia.org/wiki/Western_European_Time
3,https://en.wikipedia.org/wiki/Greenwich_Mean_Time
3,https://en.wikipedia.org/wiki/Western_European_Summer_Time
3,https://en.wikipedia.org/wiki/British_Summer_Time
3,https://en.wikipedia.org/wiki/Herzegovina#Population
3,https://en.wikipedia.org/wiki/Politics_of_Bosnia_and_Herzegovina
3,https://en.wikipedia.org/wiki/Federal_republic
3,https://en.wikipedia.org/wiki/Directorial_system
3,https://en.wikipedia.org/wiki/High_Representative_for_Bosnia_and_Herzegovina
3,https://en.wikipedia.org/wiki/Christian_Schmidt
3,https://en.wikipedia.org/wiki/Chairman_of_the_Presidency_of_Bosnia_and_Herzegovina
3,https://en.wikipedia.org/wiki/%C5%BDeljka_Cvijanovi%C4%87
3,https://en.wikipedia.org/wiki/Presidency_of_Bosnia_and_Herzegovina
3,https://en.wikipedia.org/wiki/%C5%BDeljko_Kom%C5%A1i%C4%87
3,https://en.wikipedia.org/wiki/Kingdom_of_Bosnia
3,https://en.wikipedia.org/wiki/Hungarian_language
3,https://en.wikipedia.org/wiki/Ban_(title)
3,https://en.wikipedia.org/wiki/Kingdom_of_Hungary
3,https://en.wikipedia.org/wiki/Flag_of_Bosnia
3,https://en.wikipedia.org/wiki/Coat_of_arms_of_Bosnia
3,https://en.wikipedia.org/wiki/Tvrtko_I
3,https://en.wikipedia.org/wiki/King_of_Bosnia
3,https://en.wikipedia.org/wiki/Bosnia_(early_medieval_polity)
3,https://en.wikipedia.org/wiki/Kingdom_of_Bosnia
3,https://en.wikipedia.org/wiki/Visoko_during_the_Middle_Ages
3,https://en.wikipedia.org/wiki/Jajce
3,https://en.wikipedia.org/wiki/Bobovac
3,https://en.wikipedia.org/wiki/Catholicism
3,https://en.wikipedia.org/wiki/State_Religion
3,https://en.wikipedia.org/wiki/Bosnian_Church
3,https://en.wikipedia.org/wiki/Eastern_Orthodoxy
3,https://en.wikipedia.org/wiki/Bo%C5%A1njani
3,https://en.wikipedia.org/wiki/Politics_of_Bosnia
3,https://en.wikipedia.org/wiki/Feudal_monarchy
3,https://en.wikipedia.org/wiki/Turkish_language
3,https://en.wikipedia.org/wiki/Sanjak
3,https://en.wikipedia.org/wiki/Ottoman_Empire
3,https://en.wikipedia.org/wiki/Flag_of_Bosnia
3,https://en.wikipedia.org/wiki/Siege_of_Jajce
3,https://en.wikipedia.org/wiki/Eyalet_of_Bosnia
3,https://en.wikipedia.org/wiki/Austro-Hungarian_campaign_in_Bosnia_and_Herzegovina_in_1878
3,https://en.wikipedia.org/wiki/Bosansko_Kraji%C5%A1te
3,https://en.wikipedia.org/wiki/Bosnia_Eyalet
3,https://en.wikipedia.org/wiki/Croatia
3,https://en.wikipedia.org/wiki/Ottoman_Turkish_language
3,https://en.wikipedia.org/wiki/Turkish_language
3,https://en.wikipedia.org/wiki/Eyalet
3,https://en.wikipedia.org/wiki/Travnik
3,https://en.wikipedia.org/wiki/Sanjak_of_Bosnia
3,https://en.wikipedia.org/wiki/Bosnia_Vilayet
3,https://en.wikipedia.org/wiki/Croatia
3,https://en.wikipedia.org/wiki/Serbia
3,https://en.wikipedia.org/wiki/Montenegro
3,https://en.wikipedia.org/wiki/Ottoman_Turkish_language
3,https://en.wikipedia.org/wiki/Ottoman_Turkish
3,https://en.wikipedia.org/wiki/Vilayet
3,https://en.wikipedia.org/wiki/Ottoman_Empire
3,https://en.wikipedia.org/wiki/Vilayet_Law
3,https://en.wikipedia.org/wiki/Treaty_of_Berlin_(1878)
3,https://en.wikipedia.org/wiki/Bosnian_Crisis
3,https://en.wikipedia.org/wiki/Austro-Hungarian_rule_in_Bosnia_and_Herzegovina
3,https://en.wikipedia.org/wiki/Montenegro
3,https://en.wikipedia.org/wiki/Serbo-Croatian
3,https://en.wikipedia.org/wiki/Vilayet
3,https://en.wikipedia.org/wiki/Federation_of_Bosnia_and_Herzegovina
3,https://en.wikipedia.org/wiki/Serbian_Cyrillic
3,https://en.wikipedia.org/wiki/German_language
3,https://en.wikipedia.org/wiki/Hungarian_language
3,https://en.wikipedia.org/wiki/Condominium_(international_law)
3,https://en.wikipedia.org/wiki/Cisleithania
3,https://en.wikipedia.org/wiki/Lands_of_the_Crown_of_Saint_Stephen
3,https://en.wikipedia.org/wiki/German_Language
3,https://en.wikipedia.org/wiki/Hungarian_language
3,https://en.wikipedia.org/wiki/Serbo-Croatian
3,https://en.wikipedia.org/wiki/Socialist_Federal_Republic_of_Yugoslavia
3,https://en.wikipedia.org/wiki/Constituent_republic
3,https://en.wikipedia.org/wiki/Socialist_Federal_Republic_of_Yugoslavia
3,https://en.wikipedia.org/wiki/Serbo-Croatian
3,https://en.wikipedia.org/wiki/Politics_of_Bosnia_and_Herzegovina
3,https://en.wikipedia.org/wiki/Marxism-Leninism
3,https://en.wikipedia.org/wiki/One-party_state
3,https://en.wikipedia.org/wiki/Socialist_state
3,https://en.wikipedia.org/wiki/Titoism
3,https://en.wikipedia.org/wiki/One-party_state
3,https://en.wikipedia.org/wiki/Federation_of_Bosnia_and_Herzegovina
3,https://en.wikipedia.org/wiki/Flag_of_the_Republic_of_Bosnia_and_Herzegovina
3,https://en.wikipedia.org/wiki/Jedna_si_jedina
3,https://en.wikipedia.org/wiki/Serbo-Croatian
3,https://en.wikipedia.org/wiki/Secular_state
3,https://en.wikipedia.org/wiki/Bosnian_people
3,https://en.wikipedia.org/wiki/Politics_of_Bosnia_and_Herzegovina
3,https://en.wikipedia.org/wiki/Unitary_state
3,https://en.wikipedia.org/wiki/Dominant-party_system
3,https://en.wikipedia.org/wiki/Parliamentary_republic
3,https://en.wikipedia.org/wiki/Political_divisions_of_Bosnia_and_Herzegovina
3,https://en.wikipedia.org/wiki/Br%C4%8Dko_District
3,https://en.wikipedia.org/wiki/Washington_Agreement_(1994)
3,https://en.wikipedia.org/wiki/Political_divisions_of_Bosnia_and_Herzegovina
3,https://en.wikipedia.org/wiki/Official_language
3,https://en.wikipedia.org/wiki/Bosnian_language
3,https://en.wikipedia.org/wiki/Croatian_language
3,https://en.wikipedia.org/wiki/Serbian_language
3,https://en.wikipedia.org/wiki/Ethnic_group
3,https://en.wikipedia.org/wiki/Bosniaks
3,https://en.wikipedia.org/wiki/Medical_specialty
3,https://en.wikipedia.org/wiki/Neurology
3,https://en.wikipedia.org/wiki/Signs_and_symptoms
3,https://en.wikipedia.org/wiki/Headache
3,https://en.wikipedia.org/wiki/Tinnitus#Pulsatile_tinnitus
3,https://en.wikipedia.org/wiki/Complication_(medicine)
3,https://en.wikipedia.org/wiki/Vision_loss
3,https://en.wikipedia.org/wiki/Risk_factor
3,https://en.wikipedia.org/wiki/Tetracyclines
3,https://en.wikipedia.org/wiki/Medical_diagnosis
3,https://en.wikipedia.org/wiki/Data_structure
3,https://en.wikipedia.org/wiki/Bounding_volume_hierarchy
3,https://en.wikipedia.org/wiki/Kd-tree
3,https://en.wikipedia.org/wiki/Ray_tracing_(graphics)
3,https://en.wikipedia.org/wiki/Bounding_volume_hierarchy
3,https://en.wikipedia.org/wiki/Kd-tree
3,https://en.wikipedia.org/wiki/Kd-tree
3,https://en.wikipedia.org/wiki/Binary_tree
3,https://en.wikipedia.org/wiki/BSP_tree
3,https://en.wikipedia.org/wiki/Bounding_box
3,https://en.wikipedia.org/wiki/French_language
3,https://en.wikipedia.org/wiki/Paris_Observatory
3,https://en.wikipedia.org/wiki/Universal_Time
3,https://en.wikipedia.org/wiki/Time_keeping
3,https://en.wikipedia.org/wiki/Earth_rotation
3,https://en.wikipedia.org/wiki/Reference_frames
3,https://en.wikipedia.org/wiki/Atomic_time
3,https://en.wikipedia.org/wiki/International_Bureau_of_Weights_and_Measures
3,https://en.wikipedia.org/wiki/International_Earth_Rotation_and_Reference_Systems_Service
3,https://en.wikipedia.org/wiki/International_convention
3,https://en.wikipedia.org/wiki/Bitch_(disambiguation)
3,https://en.wikipedia.org/wiki/Slang
3,https://en.wikipedia.org/wiki/English_language
3,https://en.wikipedia.org/wiki/Slang_term
3,https://en.wikipedia.org/wiki/Pejorative
3,https://en.wikipedia.org/wiki/Profanity
3,https://en.wikipedia.org/wiki/Sexism
3,https://en.wikipedia.org/wiki/Taboo
3,https://en.wikipedia.org/wiki/Dog
3,https://en.wikipedia.org/wiki/Sexual_desire
3,https://en.wikipedia.org/wiki/Kru%E2%80%99ng_language
3,https://en.wikipedia.org/wiki/Ede_language
3,https://en.wikipedia.org/wiki/Vietnam
3,https://en.wikipedia.org/wiki/Rade_people
3,https://en.wikipedia.org/wiki/Language_family
3,https://en.wikipedia.org/wiki/Austronesian_languages
3,https://en.wikipedia.org/wiki/Malayo-Polynesian_languages
3,https://en.wikipedia.org/wiki/Malayo-Sumbawan_languages
3,https://en.wikipedia.org/wiki/Chamic_languages
3,https://en.wikipedia.org/wiki/Writing_system
3,https://en.wikipedia.org/wiki/Languages_of_Bihar
3,https://en.wikipedia.org/wiki/India
3,https://en.wikipedia.org/wiki/Nepal
3,https://en.wikipedia.org/wiki/Biharis
3,https://en.wikipedia.org/wiki/Language_family
3,https://en.wikipedia.org/wiki/Indo-European_languages
3,https://en.wikipedia.org/wiki/Indo-Iranian_languages
3,https://en.wikipedia.org/wiki/Indo-Aryan_languages
3,https://en.wikipedia.org/wiki/Eastern_Indo-Aryan_languages
3,https://en.wikipedia.org/wiki/Angika
3,https://en.wikipedia.org/wiki/USGS
3,https://en.wikipedia.org/wiki/IATA_airport_code
3,https://en.wikipedia.org/wiki/ICAO_airport_code
3,https://en.wikipedia.org/wiki/Federal_Aviation_Administration
3,https://en.wikipedia.org/wiki/Location_identifier#FAA_identifier
3,https://en.wikipedia.org/wiki/Location_identifier#WMO_station_identifiers
3,https://en.wikipedia.org/wiki/Bishop,_California
3,https://en.wikipedia.org/wiki/Inyo_County,_California
3,https://en.wikipedia.org/wiki/Height_above_sea_level
3,https://en.wikipedia.org/wiki/Geographic_coordinate_system
3,https://en.wikipedia.org/wiki/Airline_codes#IATA_airline_designator
3,https://en.wikipedia.org/wiki/Airline_codes#ICAO_airline_designator
3,https://en.wikipedia.org/wiki/Aviation_call_signs#Commercial_airline
3,https://en.wikipedia.org/wiki/Airline_hub
3,https://en.wikipedia.org/wiki/Coventry_Airport
3,https://en.wikipedia.org/wiki/Newquay_Airport
3,https://en.wikipedia.org/wiki/RAF_Mount_Pleasant
3,https://en.wikipedia.org/wiki/Subsidiary
3,https://en.wikipedia.org/wiki/Holding_company#Parent_company
3,https://en.wikipedia.org/wiki/Bristow_Group
3,https://en.wikipedia.org/wiki/Serbo-Croatian
3,https://en.wikipedia.org/wiki/Serbia
3,https://en.wikipedia.org/wiki/Croatia
3,https://en.wikipedia.org/wiki/Montenegro
3,https://en.wikipedia.org/wiki/Kosovo
3,https://en.wikipedia.org/wiki/Serbo-Croatian_kinship
3,https://en.wikipedia.org/wiki/Croatian-Serbian_relations
3,https://en.wikipedia.org/wiki/Serbo-Croatian_War
3,https://en.wikipedia.org/wiki/Serbo-Croatian_dialects
3,https://en.wikipedia.org/wiki/Serbo-Croatian_grammar
3,https://en.wikipedia.org/wiki/Official_language
3,https://en.wikipedia.org/wiki/Serbian_language
3,https://en.wikipedia.org/wiki/Regional_language
3,https://en.wikipedia.org/wiki/Hungarian_language
3,https://en.wikipedia.org/wiki/Bosnian_language
3,https://en.wikipedia.org/wiki/Romani_language
3,https://en.wikipedia.org/wiki/Slovak_language
3,https://en.wikipedia.org/wiki/Albanian_language
3,https://en.wikipedia.org/wiki/Romanian_language
3,https://en.wikipedia.org/wiki/Croatian_language
3,https://en.wikipedia.org/wiki/Croatia
3,https://en.wikipedia.org/wiki/Population_pyramid
3,https://en.wikipedia.org/wiki/Croats
3,https://en.wikipedia.org/wiki/Serbs
3,https://en.wikipedia.org/wiki/Croatian_language
3,https://en.wikipedia.org/wiki/Italian_language
3,https://en.wikipedia.org/wiki/Czech_language
3,https://en.wikipedia.org/wiki/Hungarian_language
3,https://en.wikipedia.org/wiki/Ruthenian_language
3,https://en.wikipedia.org/wiki/Serbian_language
3,https://en.wikipedia.org/wiki/Population_pyramid
3,https://en.wikipedia.org/wiki/Bosniaks
3,https://en.wikipedia.org/wiki/Serbs_of_Bosnia_and_Herzegovina
3,https://en.wikipedia.org/wiki/Croats_of_Bosnia_and_Herzegovina
3,https://en.wikipedia.org/wiki/Demography
3,https://en.wikipedia.org/wiki/Population
3,https://en.wikipedia.org/wiki/Population_density
3,https://en.wikipedia.org/wiki/Ethnic_group
3,https://en.wikipedia.org/wiki/Religion_in_Bosnia_and_Herzegovina
3,https://en.wikipedia.org/wiki/Statistical_system_of_Bosnia_and_Herzegovina#The_Agency_for_Statistics_of_Bosnia_and_Herzegovina_(BHAS)
3,https://en.wikipedia.org/wiki/Serbian_language
3,https://en.wikipedia.org/wiki/Montenegrin_language
3,https://en.wikipedia.org/wiki/Bosnian_language
3,https://en.wikipedia.org/wiki/Albanian_language
3,https://en.wikipedia.org/wiki/Russian_language
3,https://en.wikipedia.org/wiki/Languages
3,https://en.wikipedia.org/wiki/Montenegro
3,https://en.wikipedia.org/wiki/Constitution_of_Montenegro
3,https://en.wikipedia.org/wiki/Official_language
3,https://en.wikipedia.org/wiki/Montenegrin_language
3,https://en.wikipedia.org/wiki/Kosovo
3,https://en.wikipedia.org/wiki/Population_pyramid
3,https://en.wikipedia.org/wiki/Kosovars
3,https://en.wikipedia.org/wiki/Kosovo_Albanians
3,https://en.wikipedia.org/wiki/Serbs
3,https://en.wikipedia.org/wiki/Albanian_language
3,https://en.wikipedia.org/wiki/Albanian_language
3,https://en.wikipedia.org/wiki/Kosovo_Agency_of_Statistics
3,https://en.wikipedia.org/wiki/Kosovo
3,https://en.wikipedia.org/wiki/Population_density
3,https://en.wikipedia.org/wiki/Sorbs
3,https://en.wikipedia.org/wiki/Serbians_(demonym)
3,https://en.wikipedia.org/wiki/Serbia
3,https://en.wikipedia.org/wiki/Montenegro
3,https://en.wikipedia.org/wiki/Croatia
3,https://en.wikipedia.org/wiki/Kosovo
3,https://en.wikipedia.org/wiki/Italy
3,https://en.wikipedia.org/wiki/Slovenia
3,https://en.wikipedia.org/wiki/North_Macedonia
3,https://en.wikipedia.org/wiki/Malta
3,https://en.wikipedia.org/wiki/Croats_(military_unit)
3,https://en.wikipedia.org/wiki/Croatians_(demonym)
3,https://en.wikipedia.org/wiki/Croat_(coin)
3,https://en.wikipedia.org/wiki/Croat_(surname)
3,https://en.wikipedia.org/wiki/Oton_Ivekovi%C4%87
3,https://en.wikipedia.org/wiki/Adriatic_Sea
3,https://en.wikipedia.org/wiki/Croatia
3,https://en.wikipedia.org/wiki/United_States
3,https://en.wikipedia.org/wiki/Germany
3,https://en.wikipedia.org/wiki/Chile
3,https://en.wikipedia.org/wiki/Bosniaks_(disambiguation)
3,https://en.wikipedia.org/wiki/Bosnian_Muslims_(disambiguation)
3,https://en.wikipedia.org/wiki/Ethnic_flag
3,https://en.wikipedia.org/wiki/Kolo_(dance)
3,https://en.wikipedia.org/wiki/Bosniak_diaspora
3,https://en.wikipedia.org/wiki/Turkey
3,https://en.wikipedia.org/wiki/United_States
3,https://en.wikipedia.org/wiki/Serbia
3,https://en.wikipedia.org/wiki/Montenegro
3,https://en.wikipedia.org/wiki/Canada
3,https://en.wikipedia.org/wiki/Montenegrin_language
3,https://en.wikipedia.org/wiki/Montenegro
3,https://en.wikipedia.org/wiki/Montenegrin_diaspora
3,https://en.wikipedia.org/wiki/United_States
3,https://en.wikipedia.org/wiki/Argentina
3,https://en.wikipedia.org/wiki/Germany
3,https://en.wikipedia.org/wiki/France
3,https://en.wikipedia.org/wiki/Serbia
3,https://en.wikipedia.org/wiki/Luxembourg
3,https://en.wikipedia.org/wiki/Chile
3,https://en.wikipedia.org/wiki/Vexillology
3,https://en.wikipedia.org/wiki/Flag
3,https://en.wikipedia.org/wiki/Whitney_Smith
3,https://en.wikipedia.org/wiki/International_Federation_of_Vexillological_Associations
3,https://en.wikipedia.org/wiki/De_jure
3,https://en.wikipedia.org/wiki/De_facto
3,https://en.wikipedia.org/wiki/Flag_of_Paraguay
3,https://en.wikipedia.org/wiki/Flag_of_France
3,https://en.wikipedia.org/wiki/Flag_of_Antarctica
3,https://en.wikipedia.org/wiki/Flag_of_Eswatini
3,https://en.wikipedia.org/wiki/Flag_of_the_United_States#Historical_progression_of_designs
3,https://en.wikipedia.org/wiki/Royal_Standard_of_the_United_Kingdom
3,https://en.wikipedia.org/wiki/Russian_Imperial_Standard
3,https://en.wikipedia.org/wiki/Flag_of_France
3,https://en.wikipedia.org/wiki/French_Imperial_Eagle
3,https://en.wikipedia.org/wiki/Flag_of_Cuba
3,https://en.wikipedia.org/wiki/Ten_Years%27_War
3,https://en.wikipedia.org/wiki/Chinese_dragon
3,https://en.wikipedia.org/wiki/Flag_of_the_Qing_Dynasty
3,https://en.wikipedia.org/wiki/Welsh_Dragon
3,https://en.wikipedia.org/wiki/Painter
3,https://en.wikipedia.org/wiki/Graphic_designer
3,https://en.wikipedia.org/wiki/Mostar
3,https://en.wikipedia.org/wiki/University_of_Arts_in_Belgrade
3,https://en.wikipedia.org/wiki/Academy_of_Fine_Arts_Sarajevo
3,https://en.wikipedia.org/wiki/1984_Winter_Olympics
3,https://en.wikipedia.org/wiki/Carlos_Westendorp
3,https://en.wikipedia.org/wiki/Yugoslavia
3,https://en.wikipedia.org/wiki/Spanish_name
3,https://en.wikipedia.org/wiki/Surname
3,https://en.wikipedia.org/wiki/High_Representative_for_Bosnia_and_Herzegovina
3,https://en.wikipedia.org/wiki/Carl_Bildt
3,https://en.wikipedia.org/wiki/Wolfgang_Petritsch
3,https://en.wikipedia.org/wiki/Ministry_of_Foreign_Affairs_(Spain)
3,https://en.wikipedia.org/wiki/Felipe_Gonz%C3%A1lez
3,https://en.wikipedia.org/wiki/Javier_Solana
3,https://en.wikipedia.org/wiki/Abel_Matutes
3,https://en.wikipedia.org/wiki/Secretary_of_State_for_the_European_Union
3,https://en.wikipedia.org/wiki/Armed_Forces_of_Bosnia_and_Herzegovina
3,https://en.wikipedia.org/wiki/Bosnian_language
3,https://en.wikipedia.org/wiki/Cyrillic_script
3,https://en.wikipedia.org/wiki/Military_branch
3,https://en.wikipedia.org/wiki/Headquarters#Military
3,https://en.wikipedia.org/wiki/President_of_Bosnia
3,https://en.wikipedia.org/wiki/Alija_Izetbegovi%C4%87
3,https://en.wikipedia.org/wiki/Munib_Bisi%C4%87
3,https://en.wikipedia.org/wiki/General
3,https://en.wikipedia.org/wiki/Sefer_Halilovi%C4%87
3,https://en.wikipedia.org/wiki/Chairman_of_the_Presidency_of_Bosnia_and_Herzegovina
3,https://en.wikipedia.org/wiki/Ante_Jelavi%C4%87
3,https://en.wikipedia.org/wiki/%C5%BDivko_Radi%C5%A1i%C4%87
3,https://en.wikipedia.org/wiki/Chairman_of_the_Presidency_of_Bosnia_and_Herzegovina
3,https://en.wikipedia.org/wiki/Jure_Pelivan
3,https://en.wikipedia.org/wiki/Mile_Akmad%C5%BEi%C4%87
3,https://en.wikipedia.org/wiki/Haris_Silajd%C5%BEi%C4%87
3,https://en.wikipedia.org/wiki/Hasan_Muratovi%C4%87
3,https://en.wikipedia.org/wiki/Adil_Zulfikarpa%C5%A1i%C4%87
3,https://en.wikipedia.org/wiki/Obrad_Piljak
3,https://en.wikipedia.org/wiki/Triangle
3,https://en.wikipedia.org/wiki/Edge_(geometry)
3,https://en.wikipedia.org/wiki/Perpendicular
3,https://en.wikipedia.org/wiki/Right_angle
3,https://en.wikipedia.org/wiki/Turn_(unit)
3,https://en.wikipedia.org/wiki/Degree_(angle)
3,https://en.wikipedia.org/wiki/Hypotenuse
3,https://en.wikipedia.org/wiki/Cathetus
3,https://en.wikipedia.org/wiki/Rectangle
3,https://en.wikipedia.org/wiki/Diagonal
3,https://en.wikipedia.org/wiki/Star-shaped_polygon
3,https://en.wikipedia.org/wiki/Pentagon
3,https://en.wikipedia.org/wiki/Decagon
3,https://en.wikipedia.org/wiki/Star_polyhedra
3,https://en.wikipedia.org/wiki/Uniform_tiling
3,https://en.wikipedia.org/wiki/Small_stellated_dodecahedron
3,https://en.wikipedia.org/wiki/Tessellation
3,https://en.wikipedia.org/wiki/Geometry
3,https://en.wikipedia.org/wiki/Convex_polygon
3,https://en.wikipedia.org/wiki/Decagram_(geometry)#Related_figures
3,https://en.wikipedia.org/wiki/Heraldic_flag
3,https://en.wikipedia.org/wiki/Coat_of_arms
3,https://en.wikipedia.org/wiki/Achievement_(heraldry)
3,https://en.wikipedia.org/wiki/Heraldry
3,https://en.wikipedia.org/wiki/Vexillology
3,https://en.wikipedia.org/wiki/Flag_of_Austria
3,https://en.wikipedia.org/wiki/Flag_of_Iraq
3,https://en.wikipedia.org/wiki/Flag_of_Switzerland
3,https://en.wikipedia.org/wiki/Banner
3,https://en.wikipedia.org/wiki/Australia
3,https://en.wikipedia.org/wiki/Armiger_(disambiguation)
3,https://en.wikipedia.org/wiki/Heraldry
3,https://en.wikipedia.org/wiki/Achievement_(heraldry)
3,https://en.wikipedia.org/wiki/Coat_of_arms
3,https://en.wikipedia.org/wiki/Escutcheon_(heraldry)
3,https://en.wikipedia.org/wiki/Field_(heraldry)
3,https://en.wikipedia.org/wiki/Supporter
3,https://en.wikipedia.org/wiki/Crest_(heraldry)
3,https://en.wikipedia.org/wiki/Torse
3,https://en.wikipedia.org/wiki/Mantling
3,https://en.wikipedia.org/wiki/Heraldry
3,https://en.wikipedia.org/wiki/Achievement_(heraldry)
3,https://en.wikipedia.org/wiki/Coat_of_arms
3,https://en.wikipedia.org/wiki/Field_(heraldry)
3,https://en.wikipedia.org/wiki/Supporter
3,https://en.wikipedia.org/wiki/Crest_(heraldry)
3,https://en.wikipedia.org/wiki/Torse
3,https://en.wikipedia.org/wiki/Mantling
3,https://en.wikipedia.org/wiki/Helmet_(heraldry)
3,https://en.wikipedia.org/wiki/Crown_(heraldry)
3,https://en.wikipedia.org/wiki/Division_of_the_field
3,https://en.wikipedia.org/wiki/Ohmu%C4%87evi%C4%87_Armorial
3,https://en.wikipedia.org/wiki/Double-headed_eagle
3,https://en.wikipedia.org/wiki/King_of_Serbia
3,https://en.wikipedia.org/wiki/Stefan_Du%C5%A1an
3,https://en.wikipedia.org/wiki/Cyrillic_script
3,https://en.wikipedia.org/wiki/Heraldry
3,https://en.wikipedia.org/wiki/Franciscan_monastery_in_Fojnica
3,https://en.wikipedia.org/wiki/Illyrian_armorial
3,https://en.wikipedia.org/wiki/Franciscan_monastery,_Fojnica
3,https://en.wikipedia.org/wiki/X-Cross
3,https://en.wikipedia.org/wiki/Saltair_(disambiguation)
3,https://en.wikipedia.org/wiki/Saltaire
3,https://en.wikipedia.org/wiki/Satire
3,https://en.wikipedia.org/wiki/Heraldry
3,https://en.wikipedia.org/wiki/Cross
3,https://en.wikipedia.org/wiki/Middle_French
3,https://en.wikipedia.org/wiki/Medieval_Latin
3,https://en.wikipedia.org/wiki/Stirrup
3,https://en.wikipedia.org/wiki/Field_sign
3,https://en.wikipedia.org/wiki/Maure_(disambiguation)
3,https://en.wikipedia.org/wiki/Flag_and_coat_of_arms_of_Corsica
3,https://en.wikipedia.org/wiki/Symbol
3,https://en.wikipedia.org/wiki/Human_head
3,https://en.wikipedia.org/wiki/Blackamoor_(decorative_arts)
3,https://en.wikipedia.org/wiki/Moors
3,https://en.wikipedia.org/wiki/Cross_of_Alcoraz
3,https://en.wikipedia.org/wiki/Peter_I_of_Aragon_and_Pamplona
3,https://en.wikipedia.org/wiki/Taifa_of_Zaragoza
3,https://en.wikipedia.org/wiki/Battle_of_Alcoraz
3,https://en.wikipedia.org/wiki/Heraldry
3,https://en.wikipedia.org/wiki/Achievement_(heraldry)
3,https://en.wikipedia.org/wiki/Coat_of_arms
3,https://en.wikipedia.org/wiki/Field_(heraldry)
3,https://en.wikipedia.org/wiki/Supporter
3,https://en.wikipedia.org/wiki/Crest_(heraldry)
3,https://en.wikipedia.org/wiki/Torse
3,https://en.wikipedia.org/wiki/Mantling
3,https://en.wikipedia.org/wiki/Helmet_(heraldry)
3,https://en.wikipedia.org/wiki/Crown_(heraldry)
3,https://en.wikipedia.org/wiki/Herzegovina#Population
3,https://en.wikipedia.org/wiki/Politics_of_Bosnia_and_Herzegovina
3,https://en.wikipedia.org/wiki/Federal_republic
3,https://en.wikipedia.org/wiki/Directorial_system
3,https://en.wikipedia.org/wiki/High_Representative_for_Bosnia_and_Herzegovina
3,https://en.wikipedia.org/wiki/Christian_Schmidt
3,https://en.wikipedia.org/wiki/Chairman_of_the_Presidency_of_Bosnia_and_Herzegovina
3,https://en.wikipedia.org/wiki/%C5%BDeljka_Cvijanovi%C4%87
3,https://en.wikipedia.org/wiki/Presidency_of_Bosnia_and_Herzegovina
3,https://en.wikipedia.org/wiki/%C5%BDeljko_Kom%C5%A1i%C4%87
3,https://en.wikipedia.org/wiki/Dalmatia_(disambiguation)
3,https://en.wikipedia.org/wiki/Concordant_coastline
3,https://en.wikipedia.org/wiki/Croatian_language
3,https://en.wikipedia.org/wiki/Italian_language
3,https://en.wikipedia.org/wiki/Venetian_language
3,https://en.wikipedia.org/wiki/Historical_region
3,https://en.wikipedia.org/wiki/Flag_of_Dalmatia
3,https://en.wikipedia.org/wiki/Coat_of_arms_of_Dalmatia
3,https://en.wikipedia.org/wiki/Gra%C4%8Dac
3,https://en.wikipedia.org/wiki/Bay_of_Kotor
3,https://en.wikipedia.org/wiki/Socialist_Federal_Republic_of_Yugoslavia
3,https://en.wikipedia.org/wiki/Serbian_Cyrillic_alphabet
3,https://en.wikipedia.org/wiki/Serbs_of_Bosnia_and_Herzegovina
3,https://en.wikipedia.org/wiki/National_anthem_of_Bosnia_and_Herzegovina
3,https://en.wikipedia.org/wiki/Serbs_of_Bosnia_and_Herzegovina
3,https://en.wikipedia.org/wiki/Belgrade
3,https://en.wikipedia.org/wiki/Belgrade
3,https://en.wikipedia.org/wiki/Split,_Croatia
3,https://en.wikipedia.org/wiki/National_anthem_of_Bosnia_and_Herzegovina
3,https://en.wikipedia.org/wiki/Elmer_Bernstein
3,https://en.wikipedia.org/wiki/Coat_of_arms_of_Bosnia_and_Herzegovina#Modern_arms
3,https://en.wikipedia.org/wiki/Dino_Merlin
3,https://en.wikipedia.org/wiki/Dino_Merlin
3,https://en.wikipedia.org/wiki/Hej,_Slaveni
3,https://en.wikipedia.org/wiki/F-sharp_major
3,https://en.wikipedia.org/wiki/National_anthem
3,https://en.wikipedia.org/wiki/Kingdom_of_Yugoslavia
3,https://en.wikipedia.org/wiki/National_Anthem_of_the_Kingdom_of_Yugoslavia
3,https://en.wikipedia.org/wiki/Hey,_Slavs
3,https://en.wikipedia.org/wiki/National_anthem_of_Bosnia_and_Herzegovina
3,https://en.wikipedia.org/wiki/United_States_Navy
3,https://en.wikipedia.org/wiki/Washington_Navy_Yard
3,https://en.wikipedia.org/wiki/Anchors_Aweigh
3,https://en.wikipedia.org/wiki/Meritorious_Unit_Commendation
3,https://en.wikipedia.org/wiki/Washington_Navy_Yard
3,https://en.wikipedia.org/wiki/Washington,_D.C.
3,https://en.wikipedia.org/wiki/United_States_Navy
3,https://en.wikipedia.org/wiki/Federal_government_of_the_United_States
3,https://en.wikipedia.org/wiki/United_States_presidential_inaugurations
3,https://en.wikipedia.org/wiki/State_Arrival_Ceremony
3,https://en.wikipedia.org/wiki/Relative_key
3,https://en.wikipedia.org/wiki/F_minor
3,https://en.wikipedia.org/wiki/Parallel_key
3,https://en.wikipedia.org/wiki/A-flat_minor
3,https://en.wikipedia.org/wiki/Dominant_key
3,https://en.wikipedia.org/wiki/E-flat_major
3,https://en.wikipedia.org/wiki/Subdominant_key
3,https://en.wikipedia.org/wiki/D-flat_major
3,https://en.wikipedia.org/wiki/Major_scale
3,https://en.wikipedia.org/wiki/A%E2%99%AD_(musical_note)
3,https://en.wikipedia.org/wiki/Treaty_with_the_Kalapuya,_etc.
3,https://en.wikipedia.org/wiki/Slobodan_Milo%C5%A1evi%C4%87
3,https://en.wikipedia.org/wiki/Franjo_Tu%C4%91man
3,https://en.wikipedia.org/wiki/Wright-Patterson_Air_Force_Base
3,https://en.wikipedia.org/wiki/Dayton,_Ohio
3,https://en.wikipedia.org/wiki/Ohio
3,https://en.wikipedia.org/wiki/Bill_Clinton
3,https://en.wikipedia.org/wiki/Croatia
3,https://en.wikipedia.org/wiki/Franjo_Tu%C4%91man
3,https://en.wikipedia.org/wiki/Federal_Republic_of_Yugoslavia
3,https://en.wikipedia.org/wiki/Yugoslav_Wars
3,https://en.wikipedia.org/wiki/Bosanska_Krupa
3,https://en.wikipedia.org/wiki/T-34
3,https://en.wikipedia.org/wiki/Doboj
3,https://en.wikipedia.org/wiki/Ratko_Mladi%C4%87
3,https://en.wikipedia.org/wiki/Army_of_Republika_Srpska
3,https://en.wikipedia.org/wiki/UN_peacekeeper
3,https://en.wikipedia.org/wiki/Siege_of_Sarajevo
3,https://en.wikipedia.org/wiki/Dayton_Accords
3,https://en.wikipedia.org/wiki/Dayton_agreement
3,https://en.wikipedia.org/wiki/Copywriting
3,https://en.wikipedia.org/wiki/Copyright_symbol
3,https://en.wikipedia.org/wiki/Copyright_(band)
3,https://en.wikipedia.org/wiki/Intellectual_property
3,https://en.wikipedia.org/wiki/Authors%27_rights
3,https://en.wikipedia.org/wiki/Copyleft
3,https://en.wikipedia.org/wiki/Database_right
3,https://en.wikipedia.org/wiki/Farmers%27_rights
3,https://en.wikipedia.org/wiki/Geographical_indication
3,https://en.wikipedia.org/wiki/Indigenous_intellectual_property
3,https://en.wikipedia.org/wiki/List_of_U.S._state_songs
3,https://en.wikipedia.org/wiki/God_of_Our_Fathers
3,https://en.wikipedia.org/wiki/National_Anthem_(disambiguation)
3,https://en.wikipedia.org/wiki/Holograph
3,https://en.wikipedia.org/wiki/Il_Canto_degli_Italiani
3,https://en.wikipedia.org/wiki/Nationalism
3,https://en.wikipedia.org/wiki/Nation
3,https://en.wikipedia.org/wiki/Nationalism_in_Antiquity
3,https://en.wikipedia.org/wiki/Nationalism_in_the_Middle_Ages
3,https://en.wikipedia.org/wiki/National_church
3,https://en.wikipedia.org/wiki/Yugoslavia
3,https://en.wikipedia.org/wiki/State_of_Slovenes,_Croats_and_Serbs
3,https://en.wikipedia.org/wiki/Serbo-Croatian
3,https://en.wikipedia.org/wiki/Slovene_language
3,https://en.wikipedia.org/wiki/Flag_of_the_Kingdom_of_Yugoslavia
3,https://en.wikipedia.org/wiki/Coat_of_arms_of_the_Kingdom_of_Yugoslavia
3,https://en.wikipedia.org/wiki/National_Anthem_of_the_Kingdom_of_Yugoslavia
3,https://en.wikipedia.org/wiki/Belgrade
3,https://en.wikipedia.org/wiki/Serbo-Croatian
3,https://en.wikipedia.org/wiki/German_language
3,https://en.wikipedia.org/wiki/Continental_Europe
3,https://en.wikipedia.org/wiki/European_Union
3,https://en.wikipedia.org/wiki/Europa_(Greek_myth)
3,https://en.wikipedia.org/wiki/Europa_(consort_of_Zeus)
3,https://en.wikipedia.org/wiki/Oceanids
3,https://en.wikipedia.org/wiki/Dana%C3%AFdes
3,https://en.wikipedia.org/wiki/Euphemus
3,https://en.wikipedia.org/wiki/Phoroneus
3,https://en.wikipedia.org/wiki/Sacrificial_victims_of_Minotaur
3,https://en.wikipedia.org/wiki/Demeter
3,https://en.wikipedia.org/wiki/Continent_(disambiguation)
3,https://en.wikipedia.org/wiki/Oceania
3,https://en.wikipedia.org/wiki/Boundaries_between_the_continents
3,https://en.wikipedia.org/wiki/Convention_(norm)
3,https://en.wikipedia.org/wiki/Landmass
3,https://en.wikipedia.org/wiki/Eurasia
3,https://en.wikipedia.org/wiki/Continental_shelf
3,https://en.wikipedia.org/wiki/English-speaking_world
3,https://en.wikipedia.org/wiki/Asia
3,https://en.wikipedia.org/wiki/Africa
3,https://en.wikipedia.org/wiki/Landmass
3,https://en.wikipedia.org/wiki/Continent
3,https://en.wikipedia.org/wiki/Subregion
3,https://en.wikipedia.org/wiki/Island
3,https://en.wikipedia.org/wiki/World_population
3,https://en.wikipedia.org/wiki/Continent
3,https://en.wikipedia.org/wiki/Asia
3,https://en.wikipedia.org/wiki/Africa
3,https://en.wikipedia.org/wiki/North_America
3,https://en.wikipedia.org/wiki/South_America
3,https://en.wikipedia.org/wiki/GDP_(disambiguation)
3,https://en.wikipedia.org/wiki/Behavioral_science
3,https://en.wikipedia.org/wiki/Economics
3,https://en.wikipedia.org/wiki/Outline_of_economics
3,https://en.wikipedia.org/wiki/Index_of_economics_articles
3,https://en.wikipedia.org/wiki/Glossary_of_economics
3,https://en.wikipedia.org/wiki/Economic_methodology
3,https://en.wikipedia.org/wiki/Theoretical_economics
3,https://en.wikipedia.org/wiki/Mathematical_model
3,https://en.wikipedia.org/wiki/Game_theory
3,https://en.wikipedia.org/wiki/Purchasing_power
3,https://en.wikipedia.org/wiki/Currency
3,https://en.wikipedia.org/wiki/Market_basket
3,https://en.wikipedia.org/wiki/Exchange_rate
3,https://en.wikipedia.org/wiki/Tariff
3,https://en.wikipedia.org/wiki/Transaction_cost
3,https://en.wikipedia.org/wiki/Cost_of_living
3,https://en.wikipedia.org/wiki/OECD
3,https://en.wikipedia.org/wiki/Economics
3,https://en.wikipedia.org/wiki/Law_of_one_price
3,https://en.wikipedia.org/wiki/USD_(disambiguation)
3,https://en.wikipedia.org/wiki/Federal_Reserve_Note
3,https://en.wikipedia.org/wiki/ISO_4217
3,https://en.wikipedia.org/wiki/ISO_4217#Minor_unit_decimals
3,https://en.wikipedia.org/wiki/Currency_symbol
3,https://en.wikipedia.org/wiki/Dollar_sign
3,https://en.wikipedia.org/wiki/United_States_Note
3,https://en.wikipedia.org/wiki/Spondulix
3,https://en.wikipedia.org/wiki/George_Washington
3,https://en.wikipedia.org/wiki/Thomas_Jefferson
3,https://en.wikipedia.org/wiki/Continent
3,https://en.wikipedia.org/wiki/Exchange_rate
3,https://en.wikipedia.org/wiki/Cost_of_living
3,https://en.wikipedia.org/wiki/Exchange_rate
3,https://en.wikipedia.org/wiki/Currency
3,https://en.wikipedia.org/wiki/Standard_of_living
3,https://en.wikipedia.org/wiki/List_of_countries_by_GDP_(PPP)
3,https://en.wikipedia.org/wiki/International_trade
3,https://en.wikipedia.org/wiki/International_Monetary_Fund
3,https://en.wikipedia.org/wiki/World_Bank
3,https://en.wikipedia.org/wiki/Continent
3,https://en.wikipedia.org/wiki/Exchange_rate
3,https://en.wikipedia.org/wiki/Cost_of_living
3,https://en.wikipedia.org/wiki/Exchange_rate
3,https://en.wikipedia.org/wiki/Currency
3,https://en.wikipedia.org/wiki/Standard_of_living
3,https://en.wikipedia.org/wiki/List_of_countries_by_GDP_(PPP)
3,https://en.wikipedia.org/wiki/International_trade
3,https://en.wikipedia.org/wiki/International_Monetary_Fund
3,https://en.wikipedia.org/wiki/World_Bank
3,https://en.wikipedia.org/wiki/Continent
3,https://en.wikipedia.org/wiki/Exchange_rate
3,https://en.wikipedia.org/wiki/Cost_of_living
3,https://en.wikipedia.org/wiki/Exchange_rate
3,https://en.wikipedia.org/wiki/Currency
3,https://en.wikipedia.org/wiki/Standard_of_living
3,https://en.wikipedia.org/wiki/List_of_countries_by_GDP_(PPP)
3,https://en.wikipedia.org/wiki/International_trade
3,https://en.wikipedia.org/wiki/International_Monetary_Fund
3,https://en.wikipedia.org/wiki/World_Bank
3,https://en.wikipedia.org/wiki/Christianity_in_Malta
3,https://en.wikipedia.org/wiki/Christianity_in_Moldova
3,https://en.wikipedia.org/wiki/Christianity_in_Armenia
3,https://en.wikipedia.org/wiki/Christianity_in_Romania
3,https://en.wikipedia.org/wiki/Christianity_in_Vatican_City
3,https://en.wikipedia.org/wiki/Christianity_in_San_Marino
3,https://en.wikipedia.org/wiki/Christianity_in_Portugal
3,https://en.wikipedia.org/wiki/Christianity_in_Liechtenstein
3,https://en.wikipedia.org/wiki/Christianity_in_Ireland
3,https://en.wikipedia.org/wiki/Christianity_in_Serbia
3,https://en.wikipedia.org/wiki/Isto%C4%8Dno_Sarajevo
3,https://en.wikipedia.org/wiki/Sarajevo_(1940_French_film)
3,https://en.wikipedia.org/wiki/Sarajevo_(1940_Hungarian_film)
3,https://en.wikipedia.org/wiki/Sarajevo_(1955_film)
3,https://en.wikipedia.org/wiki/Welcome_to_Sarajevo
3,https://en.wikipedia.org/wiki/Sarajevo_(2014_film)
3,https://en.wikipedia.org/wiki/1984_Winter_Olympics
3,https://en.wikipedia.org/wiki/Sarayevo
3,https://en.wikipedia.org/wiki/Saraevo
3,https://en.wikipedia.org/wiki/Barajevo
3,https://en.wikipedia.org/wiki/County_seat
3,https://en.wikipedia.org/wiki/Capital_City_(disambiguation)
3,https://en.wikipedia.org/wiki/Tokyo
3,https://en.wikipedia.org/wiki/Japan
3,https://en.wikipedia.org/wiki/List_of_largest_cities
3,https://en.wikipedia.org/wiki/Municipality
3,https://en.wikipedia.org/wiki/Country
3,https://en.wikipedia.org/wiki/State_(polity)
3,https://en.wikipedia.org/wiki/Province
3,https://en.wikipedia.org/wiki/Department_(administrative_division)
3,https://en.wikipedia.org/wiki/Stari_Grad_(disambiguation)
3,https://en.wikipedia.org/wiki/Municipalities_of_Bosnia_and_Herzegovina
3,https://en.wikipedia.org/wiki/Sebilj_in_Sarajevo
3,https://en.wikipedia.org/wiki/Latin_Bridge
3,https://en.wikipedia.org/wiki/Gazi_Husrev-beg_Mosque
3,https://en.wikipedia.org/wiki/Vije%C4%87nica
3,https://en.wikipedia.org/wiki/List_of_sovereign_states
3,https://en.wikipedia.org/wiki/Political_divisions_of_Bosnia_and_Herzegovina
3,https://en.wikipedia.org/wiki/Cantons_of_the_Federation_of_Bosnia_and_Herzegovina
3,https://en.wikipedia.org/wiki/Sarajevo_Canton
3,https://en.wikipedia.org/wiki/Municipalities_of_Bosnia_and_Herzegovina
3,https://en.wikipedia.org/wiki/Building_of_the_Presidency_of_Bosnia_and_Herzegovina
3,https://en.wikipedia.org/wiki/National_Museum_of_Bosnia_and_Herzegovina
3,https://en.wikipedia.org/wiki/Sarajevo_National_Theatre
3,https://en.wikipedia.org/wiki/Skenderija
3,https://en.wikipedia.org/wiki/Ko%C5%A1evo_City_Stadium
3,https://en.wikipedia.org/wiki/List_of_sovereign_states
3,https://en.wikipedia.org/wiki/Political_divisions_of_Bosnia_and_Herzegovina
3,https://en.wikipedia.org/wiki/Cantons_of_the_Federation_of_Bosnia_and_Herzegovina
3,https://en.wikipedia.org/wiki/Sarajevo_Canton
3,https://en.wikipedia.org/wiki/Hotel_Europe_(Sarajevo)
3,https://en.wikipedia.org/wiki/List_of_religions_and_spiritual_traditions
3,https://en.wikipedia.org/wiki/Sunni_Islam
3,https://en.wikipedia.org/wiki/Geographic_coordinate_system
3,https://en.wikipedia.org/wiki/Architect
3,https://en.wikipedia.org/wiki/Ali_Tabrizi
3,https://en.wikipedia.org/wiki/Architectural_style
3,https://en.wikipedia.org/wiki/Ottoman_architecture
3,https://en.wikipedia.org/wiki/Dome
3,https://en.wikipedia.org/wiki/Minaret
3,https://en.wikipedia.org/wiki/Serbian_Orthodox_Cathedral_in_Sarajevo
3,https://en.wikipedia.org/wiki/Christian_denomination
3,https://en.wikipedia.org/wiki/Catholic_Church
3,https://en.wikipedia.org/wiki/Cathedral
3,https://en.wikipedia.org/wiki/Dedication_of_churches
3,https://en.wikipedia.org/wiki/Sacred_Heart
3,https://en.wikipedia.org/wiki/Consecration
3,https://en.wikipedia.org/wiki/Architect
3,https://en.wikipedia.org/wiki/Josip_Vanca%C5%A1
3,https://en.wikipedia.org/wiki/Cathedral
3,https://en.wikipedia.org/wiki/Cathedral_of_the_Nativity_of_the_Theotokos_(disambiguation)
3,https://en.wikipedia.org/wiki/List_of_religions_and_spiritual_traditions
3,https://en.wikipedia.org/wiki/Serbian_Orthodox_Church
3,https://en.wikipedia.org/wiki/Consecration
3,https://en.wikipedia.org/wiki/Trg_Oslobo%C4%91enja_-_Alija_Izetbegovi%C4%87
3,https://en.wikipedia.org/wiki/Architect
3,https://en.wikipedia.org/wiki/Andrey_Damyanov
3,https://en.wikipedia.org/wiki/Architectural_style
3,https://en.wikipedia.org/wiki/Baroque_architecture
3,https://en.wikipedia.org/wiki/National_Historic_Landmark
3,https://en.wikipedia.org/wiki/Sebil_(fountain)
3,https://en.wikipedia.org/wiki/Geographic_coordinate_system
3,https://en.wikipedia.org/wiki/Ottoman_Empire
3,https://en.wikipedia.org/wiki/Fountain
3,https://en.wikipedia.org/wiki/Sabil_(fountain)
3,https://en.wikipedia.org/wiki/Ba%C5%A1%C4%8Dar%C5%A1ija
3,https://en.wikipedia.org/wiki/Alexander_Wittek
3,https://en.wikipedia.org/wiki/Birmingham
3,https://en.wikipedia.org/wiki/Belgrade
3,https://en.wikipedia.org/wiki/9th_Summit_of_the_Non-Aligned_Movement
3,https://en.wikipedia.org/wiki/Trebevi%C4%87
3,https://en.wikipedia.org/wiki/Trebevi%C4%87
3,https://en.wikipedia.org/wiki/Bosnia_and_Herzegovina_convertible_mark
3,https://en.wikipedia.org/wiki/Bosnia_and_Herzegovina_convertible_mark
3,https://en.wikipedia.org/wiki/Gondola_lift
3,https://en.wikipedia.org/wiki/Leitner_Ropeways
3,https://en.wikipedia.org/wiki/Bosnian_language
3,https://en.wikipedia.org/wiki/Bosnian_language
3,https://en.wikipedia.org/wiki/Gondola_lift
3,https://en.wikipedia.org/wiki/Trebevi%C4%87
3,https://en.wikipedia.org/wiki/Geographic_coordinate_system
3,https://en.wikipedia.org/wiki/Miljacka
3,https://en.wikipedia.org/wiki/Stone
3,https://en.wikipedia.org/wiki/Gypsum
3,https://en.wikipedia.org/wiki/Yugoslavia
3,https://en.wikipedia.org/wiki/Ottoman_Empire
3,https://en.wikipedia.org/wiki/Bridge
3,https://en.wikipedia.org/wiki/Miljacka
3,https://en.wikipedia.org/wiki/Assassination_of_Archduke_Franz_Ferdinand
3,https://en.wikipedia.org/wiki/Archduke_Franz_Ferdinand_of_Austria
3,https://en.wikipedia.org/wiki/Linguistics_(disambiguation)
3,https://en.wikipedia.org/wiki/Linguist_(disambiguation)
3,https://en.wikipedia.org/wiki/Outline_of_linguistics
3,https://en.wikipedia.org/wiki/History_of_linguistics
3,https://en.wikipedia.org/wiki/Index_of_linguistics_articles
3,https://en.wikipedia.org/wiki/Historical_linguistics
3,https://en.wikipedia.org/wiki/Lexicography
3,https://en.wikipedia.org/wiki/Morphology_(linguistics)
3,https://en.wikipedia.org/wiki/Phonology
3,https://en.wikipedia.org/wiki/Pragmatics
3,https://en.wikipedia.org/wiki/Lexis_(linguistics)
3,https://en.wikipedia.org/wiki/History_of_linguistics
3,https://en.wikipedia.org/wiki/Index_of_linguistics_articles
3,https://en.wikipedia.org/wiki/Historical_linguistics
3,https://en.wikipedia.org/wiki/Lexicography
3,https://en.wikipedia.org/wiki/Morphology_(linguistics)
3,https://en.wikipedia.org/wiki/Phonology
3,https://en.wikipedia.org/wiki/Pragmatics
3,https://en.wikipedia.org/wiki/Semantics
3,https://en.wikipedia.org/wiki/Syntax
3,https://en.wikipedia.org/wiki/Historical_linguistics
3,https://en.wikipedia.org/wiki/Index_of_linguistics_articles
3,https://en.wikipedia.org/wiki/Historical_linguistics
3,https://en.wikipedia.org/wiki/Lexicography
3,https://en.wikipedia.org/wiki/Morphology_(linguistics)
3,https://en.wikipedia.org/wiki/Phonology
3,https://en.wikipedia.org/wiki/Pragmatics
3,https://en.wikipedia.org/wiki/Semantics
3,https://en.wikipedia.org/wiki/Syntax
3,https://en.wikipedia.org/wiki/Syntax%E2%80%93semantics_interface
3,https://en.wikipedia.org/wiki/Historical_linguistics
3,https://en.wikipedia.org/wiki/Lexicography
3,https://en.wikipedia.org/wiki/Morphology_(linguistics)
3,https://en.wikipedia.org/wiki/Phonology
3,https://en.wikipedia.org/wiki/Pragmatics
3,https://en.wikipedia.org/wiki/Semantics
3,https://en.wikipedia.org/wiki/Syntax
3,https://en.wikipedia.org/wiki/Syntax%E2%80%93semantics_interface
3,https://en.wikipedia.org/wiki/Linguistic_typology
3,https://en.wikipedia.org/wiki/Language_acquisition
3,https://en.wikipedia.org/wiki/Historische_Sprachforschung
3,https://en.wikipedia.org/wiki/Grammaticalization#Views_on_grammaticalization
3,https://en.wikipedia.org/wiki/Evolutionary_linguistics
3,https://en.wikipedia.org/wiki/Lexicography
3,https://en.wikipedia.org/wiki/Morphology_(linguistics)
3,https://en.wikipedia.org/wiki/Phonology
3,https://en.wikipedia.org/wiki/Pragmatics
3,https://en.wikipedia.org/wiki/Semantics
3,https://en.wikipedia.org/wiki/Syntax
3,https://en.wikipedia.org/wiki/Syntax%E2%80%93semantics_interface
3,https://en.wikipedia.org/wiki/Associative_array
3,https://en.wikipedia.org/wiki/Lexicographic_order
3,https://en.wikipedia.org/wiki/Lexicology
3,https://en.wikipedia.org/wiki/Morphology_(linguistics)
3,https://en.wikipedia.org/wiki/Phonology
3,https://en.wikipedia.org/wiki/Pragmatics
3,https://en.wikipedia.org/wiki/Semantics
3,https://en.wikipedia.org/wiki/Syntax
3,https://en.wikipedia.org/wiki/Syntax%E2%80%93semantics_interface
3,https://en.wikipedia.org/wiki/Linguistic_typology
3,https://en.wikipedia.org/wiki/Morphological_typology
3,https://en.wikipedia.org/wiki/Phonology
3,https://en.wikipedia.org/wiki/Pragmatics
3,https://en.wikipedia.org/wiki/Semantics
3,https://en.wikipedia.org/wiki/Syntax
3,https://en.wikipedia.org/wiki/Syntax%E2%80%93semantics_interface
3,https://en.wikipedia.org/wiki/Linguistic_typology
3,https://en.wikipedia.org/wiki/Language_acquisition
3,https://en.wikipedia.org/wiki/Anthropological_linguistics
3,https://en.wikipedia.org/wiki/Applied_linguistics
3,https://en.wikipedia.org/wiki/Phenology
3,https://en.wikipedia.org/wiki/Phonetics
3,https://en.wikipedia.org/wiki/Phonology_(disambiguation)
3,https://en.wikipedia.org/wiki/Pragmatics
3,https://en.wikipedia.org/wiki/Semantics
3,https://en.wikipedia.org/wiki/Syntax
3,https://en.wikipedia.org/wiki/Syntax%E2%80%93semantics_interface
3,https://en.wikipedia.org/wiki/Linguistic_typology
3,https://en.wikipedia.org/wiki/Language_acquisition
3,https://en.wikipedia.org/wiki/Anthropological_linguistics
3,https://en.wikipedia.org/wiki/Pragmatics_(journal)
3,https://en.wikipedia.org/wiki/Pragmatism
3,https://en.wikipedia.org/wiki/Semantics
3,https://en.wikipedia.org/wiki/Syntax
3,https://en.wikipedia.org/wiki/Syntax%E2%80%93semantics_interface
3,https://en.wikipedia.org/wiki/Linguistic_typology
3,https://en.wikipedia.org/wiki/Language_acquisition
3,https://en.wikipedia.org/wiki/Anthropological_linguistics
3,https://en.wikipedia.org/wiki/Applied_linguistics
3,https://en.wikipedia.org/wiki/Mathematical_linguistics
3,https://en.wikipedia.org/wiki/Semantics_(disambiguation)
3,https://en.wikipedia.org/wiki/Meaning_(philosophy)
3,https://en.wikipedia.org/wiki/Sense_and_reference
3,https://en.wikipedia.org/wiki/Syntax
3,https://en.wikipedia.org/wiki/Grammatically
3,https://en.wikipedia.org/wiki/Semiotics
3,https://en.wikipedia.org/wiki/Lexical_semantics
3,https://en.wikipedia.org/wiki/Word_meaning
3,https://en.wikipedia.org/wiki/Lexical_relations
3,https://en.wikipedia.org/wiki/Compositionality